Unified_url,Reachable_URL,Way_back_archived,Freenom_top_level_domain,Previous_malicious_top_level_domain_TLD,Name_length,Wrong_spell_List,Longest_word_ratio,Special_mark,sub_domain,Contain_Weried_number_combination,levenshtein_distance,Alexa_rank,Status_code,start_date,wildcard_subdomain,Redirect_URL,Created on 2020
http://COVID--19-shop.rf.gd,0,0,0,0,7,0,0.08,1,2,0,0,1,503,1992,1,0,0
http://actualisatie.updateics-covid19.noez.me,0,0,0,0,12,0,0.04651162790697674,1,3,0,0,0,503,2007,0,0,0
http://advancedaesthetics.ch,1,0,0,0,4,0,0.07692307692307693,0,1,0,0,0,200,1987,0,0,0
http://aide-covid19.tn,0,0,0,0,6,0,0.1,1,1,0,0,1,403,1991,0,0,0
http://amazon.co.jp.initiativescompany-news-covid19-20200316token4787f6f3e205921236.buzz,0,0,0,0,20,0,0.02325581395348837,1,4,1,0,0,503,2013,0,0,0
http://amazon.co.jp.initiativescompany-news-covid19-20200316token4787f6f3e205923534.buzz,0,0,0,0,20,0,0.02325581395348837,1,4,1,0,0,503,2013,0,0,0
http://amazon.co.jp.initiativescompany-news-covid19-20200316token4787f6f3e205926666.buzz,0,0,0,0,20,0,0.02325581395348837,1,4,1,0,0,503,2013,0,0,0
http://anti-coronavirus.sk,0,0,0,0,4,0,0.08333333333333333,1,1,0,0,0,503,1993,0,0,0
http://anti-covid.sk,1,0,0,0,5,0,0.1111111111111111,1,1,0,0,0,200,1993,1,0,0
http://anti-covid.supplies,0,0,0,0,5,0,0.08333333333333333,1,1,0,0,0,503,2014,0,0,0
http://anti-covid19.sk,0,0,0,0,6,0,0.1,1,1,0,0,0,503,1993,0,0,0
http://anticovid-19.sk,0,0,0,0,5,0,0.1,1,1,0,0,0,503,1993,0,0,0
http://artscovid.org,1,1,0,0,5,0,0.1111111111111111,0,1,0,0,0,200,2020,0,0,0
http://aruba-covid19.u720493s8q.ha004.t.justns.ru,0,0,0,0,16,0,0.0425531914893617,1,5,1,0,1,503,2014,0,0,0
http://atlantabeatscovid.org,1,0,0,0,6,0,0.07692307692307693,0,1,0,0,0,200,2020,0,0,0
http://auxilioemergencialcovid.com,0,0,0,0,8,0,0.0625,0,1,0,0,0,503,1985,0,0,0
http://ayudadigitalcovid.org,0,1,0,0,7,0,0.07692307692307693,0,1,0,0,1,598,2020,0,0,0
http://barcelonaneoville.com.br,1,1,0,0,6,0,0.06896551724137931,0,2,0,0,1,200,1989,0,0,0
http://bb-iscoronas.it,0,0,0,0,5,0,0.1,1,1,0,0,0,503,1987,0,0,0
http://bit.ly,1,0,0,0,3,0,0.18181818181818185,0,1,0,0,1,200,1997,1,0,0
http://bodicia.com.ru,0,0,0,0,6,0,0.10526315789473684,0,2,0,0,0,598,1997,1,0,0
http://caninetags.ga,0,0,1,1,4,0,0.1111111111111111,0,1,0,0,0,503,1994,0,0,0
http://cbsrealitychase.com,0,0,0,0,5,0,0.08333333333333333,0,1,0,0,0,503,1985,0,0,0
http://chase-covid19s.com,0,0,0,0,7,0,0.08695652173913042,1,1,0,0,0,503,1985,0,0,0
http://chase7-covid.com,0,0,0,0,6,0,0.09523809523809523,1,1,0,0,0,503,1985,0,0,0
http://chasecovid19s.com,0,0,0,0,7,0,0.09090909090909093,0,1,0,0,0,503,1985,0,0,0
http://chasecovid19v.com,0,0,0,0,7,0,0.09090909090909093,0,1,0,0,0,503,1985,0,0,0
http://cherrydancefitness.co.uk,1,1,0,0,6,0,0.06896551724137931,0,2,0,0,0,200,2012,0,0,0
http://click.cocovid.co,0,0,0,0,5,0,0.09523809523809523,0,2,0,0,0,503,2020,0,0,0
http://cocovid.co,1,0,0,0,4,0,0.13333333333333333,0,1,0,0,0,200,2020,0,0,0
http://combatecovid.org,0,1,0,0,5,0,0.09523809523809523,0,1,0,0,1,403,2020,0,0,0
http://copingwithcovid.blog,0,0,0,0,6,0,0.08,0,1,0,0,0,503,2016,1,0,0
http://corona-virus-anonymous.org,0,0,0,0,5,0,0.06451612903225806,1,1,0,0,0,503,2020,0,0,0
http://coronaent.com.hk,0,1,0,1,5,0,0.09523809523809523,0,2,0,0,0,503,1990,0,0,0
http://coronaextra.com.au,1,1,0,0,5,0,0.08695652173913042,0,2,0,0,1,200,1986,0,0,0
http://coronagame1.co.vu,0,0,0,0,6,0,0.09090909090909093,0,2,0,0,1,503,1995,0,0,0
http://coronagame2.co.vu,0,0,0,0,6,0,0.09090909090909093,0,2,0,0,1,503,1995,0,0,0
http://coronagame3.co.vu,0,0,0,0,6,0,0.09090909090909093,0,2,0,0,1,503,1995,0,0,0
http://coronagame4.co.vu,0,0,0,0,6,0,0.09090909090909093,0,2,0,0,1,503,1995,0,0,0
http://coronamask.space,0,0,0,0,4,0,0.09523809523809523,0,1,0,0,0,503,2020,0,0,0
http://coronanow.kr,1,1,0,0,4,0,0.1176470588235294,0,1,0,0,1,200,2020,0,0,0
http://coronasmask.space,0,0,0,0,4,0,0.09090909090909093,0,1,0,0,0,503,2020,0,0,0
http://coronation.ml,0,0,1,1,3,0,0.1111111111111111,0,1,0,0,0,598,1993,1,0,0
http://coronatoken.org,0,1,0,0,4,0,0.1,0,1,0,0,1,503,2020,0,0,0
http://coronavirus-help.uk,0,0,0,0,4,0,0.08333333333333333,1,1,0,0,0,503,2020,0,0,0
http://coronavirus-in.space,0,0,0,0,4,0,0.08,1,1,0,0,0,503,2020,1,0,0
http://coronavirus-news.org.uk,0,0,0,0,5,0,0.07142857142857142,1,2,0,0,0,503,2020,0,0,0
http://coronavirus-v-mire.ru,0,0,0,0,5,0,0.07692307692307693,1,1,0,0,0,503,2020,0,0,0
http://coronavirusu.info,0,0,0,0,4,0,0.09090909090909093,0,1,0,0,0,503,2020,0,0,0
http://coronawatch.eu,0,1,0,0,4,0,0.10526315789473684,0,1,0,0,0,503,2005,0,0,0
http://coronawire.in,0,0,0,0,4,0,0.1111111111111111,0,1,0,0,0,598,2019,1,0,0
http://coronbeer.com,0,0,0,0,5,0,0.1111111111111111,0,1,0,0,0,503,1985,0,0,0
http://covid--19-shop.rf.gd,0,0,0,0,7,0,0.08,1,2,0,0,1,503,1992,1,0,0
http://covid-19.bdtime.news,0,0,0,0,7,0,0.08,1,2,0,0,0,503,2015,0,0,0
http://covid-19coronavirus.co.uk,0,0,0,0,7,0,0.06666666666666668,1,2,0,0,0,503,2020,0,0,0
http://covid-19finance.co.uk,0,0,0,0,7,0,0.07692307692307693,1,2,0,0,0,503,2020,0,0,0
http://covid-19rc.com,0,0,0,0,6,0,0.10526315789473684,1,1,0,0,0,503,1985,0,0,0
http://covid.seguranca-bb.info,0,0,0,0,7,0,0.07142857142857142,1,2,0,0,0,598,2020,0,0,0
http://covid19---shop.rf.gd,0,0,0,0,7,0,0.08,1,2,0,0,1,598,1992,1,0,0
http://covid19-finance.co.uk,0,0,0,0,7,0,0.07692307692307693,1,2,0,0,0,503,2020,0,0,0
http://covid19-vat.rf.gd,0,0,0,0,7,0,0.09090909090909093,1,2,0,0,1,598,1992,1,0,0
http://covid19.seguranca-bb.info,0,0,0,0,8,0,0.06666666666666668,1,2,0,0,0,598,2020,0,0,0
http://covid19bireyseliadeniz.com,0,0,0,0,10,0,0.06451612903225806,0,1,0,0,1,503,1985,0,0,0
http://covid19evdekalaidatinial.com,0,0,0,0,11,0,0.060606060606060615,0,1,0,0,0,503,1985,0,0,0
http://covid19fund.co.uk,0,0,0,0,7,0,0.09090909090909093,0,2,0,0,0,503,2020,0,0,0
http://covid19hosting.co.uk,0,0,0,0,7,0,0.08,0,2,0,0,0,503,2020,0,0,0
http://covid19lssuedbill.com,0,0,0,0,8,0,0.07692307692307693,0,1,0,0,0,503,1985,0,0,0
http://covid2019colpatria.com.co,0,0,0,0,8,0,0.06666666666666668,0,2,0,0,0,503,2020,0,0,0
http://covidcro.tk,0,0,1,1,5,0,0.125,0,1,0,0,0,503,1997,0,0,0
http://covidguide.guru,0,0,0,0,5,0,0.1,0,1,0,0,0,503,2013,1,0,0
http://covidi9.gq,0,0,1,1,5,0,0.13333333333333333,0,1,0,0,0,503,1997,0,0,0
http://csam-corona.be,0,0,0,0,5,0,0.10526315789473684,1,1,0,0,0,503,1988,0,0,0
http://cutt.ly,0,1,0,0,4,0,0.16666666666666666,0,1,0,0,1,598,1997,0,0,0
http://dlwbfire.org,1,1,0,0,5,0,0.1176470588235294,0,1,0,0,0,200,2013,0,0,0
http://dostaana.ml,0,0,1,1,6,0,0.125,0,1,0,0,0,503,1993,0,0,0
http://ecovida.ru,1,0,0,0,4,0,0.13333333333333333,0,1,0,0,0,200,2018,1,0,0
http://edumetrix.io,1,0,0,0,5,0,0.1176470588235294,0,1,0,0,1,200,2018,0,0,0
http://escalainicial.com.ar,1,1,0,0,8,0,0.08,0,2,0,0,0,200,2012,0,0,0
http://eshop-COVID19.rf.gd,0,0,0,0,8,0,0.08333333333333333,1,2,0,0,1,598,1992,1,0,0
http://eshop-covid19.rf.gd,0,0,0,0,8,0,0.08333333333333333,1,2,0,0,1,598,1992,1,0,0
http://evnt.com.br,1,1,0,0,5,0,0.125,0,2,0,0,0,200,1989,1,0,0
http://faq-coronavirus-financial-help.lsign.site,0,0,0,0,8,0,0.043478260869565216,1,2,0,0,0,503,2020,0,0,0
http://faq-coronavirus-financial-help.nsign.me,0,0,0,0,8,0,0.045454545454545456,1,2,0,0,0,503,2007,0,0,0
http://flatheadcovid.org,1,0,0,0,5,0,0.09090909090909093,0,1,0,0,0,200,1985,0,0,0
http://footytube.top,0,0,0,0,4,0,0.1111111111111111,0,1,0,0,0,503,2014,0,0,0
http://gigaplay.com.br,1,1,0,0,5,0,0.1,0,2,0,0,0,200,2007,0,0,0
http://hackingcovid.info,1,0,0,0,5,0,0.09090909090909093,0,1,0,0,0,200,2020,0,0,0
http://help-corona.cn,0,0,0,0,4,0,0.10526315789473684,1,1,0,0,0,503,2020,0,0,0
http://homologacao.xocovid19.com.br,1,0,0,0,10,0,0.060606060606060615,0,3,0,0,0,200,1989,0,0,0
http://ing.csam-corona.be,0,0,0,0,6,0,0.08695652173913042,1,2,0,0,0,503,1988,0,0,0
http://ing.securecovid-19.noez.me,0,0,0,0,9,0,0.06451612903225806,1,3,0,0,0,503,2007,0,0,0
http://iremoscombaterocovid.ml,0,0,1,1,9,0,0.07142857142857142,0,1,0,0,0,503,1993,0,0,0
http://itacontracovid-19.ml,0,0,1,1,8,0,0.08,1,1,0,0,0,503,1993,0,0,0
http://italy-covid19.u720553s9g.ha004.t.justns.ru,0,0,0,0,16,0,0.0425531914893617,1,5,1,0,1,503,2014,0,0,0
http://join-whatsapp-bokep62.covid99.gq,0,0,1,1,12,0,0.054054054054054064,1,2,0,0,0,503,1997,0,0,0
http://jshirt.it,0,1,0,0,4,0,0.14285714285714285,0,1,0,0,0,598,2015,0,0,0
http://kampcbation.info,0,0,0,0,5,0,0.09523809523809523,0,1,0,0,0,503,2020,0,0,0
http://mbhydro-covid19.com,0,0,0,0,7,0,0.08333333333333333,1,1,0,0,0,503,1985,0,0,0
http://mersrekdocuments.ir,0,0,0,0,6,0,0.08333333333333333,0,1,0,0,0,598,1994,0,0,0
http://midiaplural.com.br,1,1,0,0,6,0,0.08695652173913042,0,2,0,0,1,200,2008,0,0,0
http://moabcovid.org,1,1,0,0,5,0,0.1111111111111111,0,1,0,0,0,200,2020,0,0,0
http://mradani.ml,0,0,1,1,5,0,0.13333333333333333,0,1,0,0,0,503,1993,0,0,0
http://neraretionbriesx.club,0,0,0,0,7,0,0.07692307692307693,0,1,0,0,0,503,2014,0,0,0
http://no-covid.online,0,0,0,0,5,0,0.1,1,1,0,0,0,503,2015,1,0,0
http://nocovid.fun,0,0,0,0,4,0,0.125,0,1,0,0,0,503,2016,1,0,0
http://notmycovid.org,0,0,0,0,6,0,0.10526315789473684,0,1,0,0,0,598,2020,0,0,0
http://nr01petitieonline-covid19byfacebook.gq,0,0,1,1,12,0,0.04651162790697674,1,1,0,0,0,503,1997,0,0,0
http://nxt27893.nextadmin.hu,0,0,0,0,6,0,0.07692307692307693,0,2,1,0,0,598,1990,0,0,0
http://odessavscovid.info,0,1,0,0,6,0,0.08695652173913042,0,1,0,0,1,503,2020,0,0,0
http://oldschool.runescape-covid-19.info,0,0,0,0,8,0,0.05263157894736842,1,2,0,0,0,503,2020,0,0,0
http://orecon.co.jp,1,1,0,0,5,0,0.1176470588235294,0,2,0,0,1,200,1986,0,0,0
http://parismomes.fr,0,1,0,0,5,0,0.1111111111111111,0,1,0,0,0,403,2000,0,0,0
http://partners-covid.org,0,0,0,0,5,0,0.08695652173913042,1,1,0,0,0,400,2020,0,0,0
http://partnerscovid.org,0,0,0,0,5,0,0.09090909090909093,0,1,0,0,0,400,2020,0,0,0
http://permovqu.com,0,0,0,0,5,0,0.1176470588235294,0,1,0,0,0,503,1985,0,0,0
http://pescaturismocorona.it,0,0,0,0,6,0,0.07692307692307693,0,1,0,0,0,598,2018,0,0,0
http://portsmouth.buzz,0,0,0,0,3,0,0.1,0,1,0,0,0,503,2013,0,0,0
http://pre-covid.info,0,0,0,0,5,0,0.10526315789473684,1,1,0,0,0,503,2020,1,0,0
http://previnadocoronasuavida.com,0,0,0,0,9,0,0.06451612903225806,0,1,0,0,0,503,1985,0,0,0
http://rcconstrutora.com.br,0,1,0,0,8,0,0.08,0,2,0,0,1,598,1989,0,0,0
http://recovid.us,0,0,0,0,4,0,0.13333333333333333,0,1,0,0,0,503,2020,0,0,0
http://rijosfoods.com.br,1,1,0,0,6,0,0.09090909090909093,0,2,0,0,0,200,2016,0,0,0
http://runescape-covid19.info,0,0,0,0,6,0,0.07407407407407407,1,1,0,0,0,503,2020,0,0,0
http://saicoronadeixanoistrabalhar.com,0,0,0,0,12,0,0.05555555555555555,0,1,0,0,0,503,1985,0,0,0
http://shop---covid19.rf.gd,0,0,0,0,7,0,0.08,1,2,0,0,1,598,1992,1,0,0
http://shop--covid-19.rf.gd,0,0,0,0,7,0,0.08,1,2,0,0,1,503,1992,1,0,0
http://shop--covid19.rf.gd,0,0,0,0,7,0,0.08333333333333333,1,2,0,0,1,503,1992,1,0,0
http://shop-covid19.rf.gd,0,0,0,0,7,0,0.08695652173913042,1,2,0,0,1,503,1992,1,0,0
http://shop-sars-covid19.rf.gd,0,0,0,0,8,0,0.07142857142857142,1,2,0,0,1,598,1992,0,0,0
http://shopcovid-19.rf.gd,0,0,0,0,7,0,0.08695652173913042,1,2,0,0,1,503,1992,1,0,0
http://shops-covid-19.rf.gd,0,0,0,0,7,0,0.08,1,2,0,0,1,598,1992,1,0,0
http://shopscovid19.rf.gd,0,0,0,0,7,0,0.08695652173913042,0,2,0,0,1,598,1992,1,0,0
http://skcovid.org,0,0,0,0,4,0,0.125,0,1,0,0,0,503,2020,0,0,0
http://solidarite-covid.org,1,0,0,0,7,0,0.08,1,1,0,0,0,200,2020,0,0,0
http://standagainstcovid.org,1,0,0,0,6,0,0.07692307692307693,0,1,0,0,0,200,2020,0,0,0
http://starilionpla.website,0,0,0,0,6,0,0.08,0,1,0,0,0,503,2020,0,0,0
http://stopcorona.org,1,0,0,0,4,0,0.10526315789473684,0,1,0,0,0,200,2020,0,0,0
http://stopcovid.store,0,0,0,0,5,0,0.1,0,1,0,0,0,503,2020,0,0,0
http://t-uber.me,0,0,0,0,4,0,0.14285714285714285,1,1,0,0,0,503,2007,0,0,0
http://tarjeta-bci.cf,0,0,1,1,6,0,0.10526315789473684,1,1,0,0,0,503,1996,0,0,0
http://testkitcovid.org,1,0,0,0,6,0,0.09523809523809523,0,1,0,0,0,200,2020,0,0,0
http://thaiaichi.co.th,0,1,0,0,5,0,0.1,0,2,0,0,0,598,1988,0,0,0
http://thechristianwardrobe.us,0,1,0,0,5,0,0.07142857142857142,0,1,0,0,0,503,2015,0,0,0
http://todoscontraocovid19.com,0,0,0,0,7,0,0.07142857142857142,0,1,0,0,0,503,1985,0,0,0
http://topbrokersrealty.icu,0,0,0,1,5,0,0.08,0,1,0,0,0,503,2015,0,0,0
http://toyswithpizzazz.com.au,0,1,0,0,6,0,0.07407407407407407,0,2,0,0,0,503,1986,0,0,0
http://trackcovid.app,0,0,0,0,5,0,0.10526315789473684,0,1,0,0,0,403,2015,0,0,0
http://trainingcanine.ga,0,0,1,1,4,0,0.09090909090909093,0,1,0,0,0,503,1994,0,0,0
http://transferenciasscotiabankk-chile-covid.gq,0,0,1,1,10,0,0.04444444444444445,1,1,0,0,0,503,1997,0,0,0
http://trenv.coronavideo3.tk,0,0,1,1,7,0,0.07692307692307693,0,2,0,0,0,503,1997,0,0,0
http://uman4covid.org,1,1,0,0,7,0,0.10526315789473684,0,1,0,0,0,200,2020,0,0,0
http://verizoncovid-12.com,0,0,0,0,6,0,0.08333333333333333,1,1,0,0,0,503,1985,0,0,0
http://videoonlinefrecorona.xyz,0,0,0,0,7,0,0.06896551724137931,0,1,0,0,0,503,2014,0,0,0
http://villacorona.pl,0,1,0,0,4,0,0.10526315789473684,0,1,0,0,0,598,2005,0,0,0
http://virys-covid19.ru,0,0,0,0,8,0,0.09523809523809523,1,1,0,0,1,503,2020,0,0,0
http://webbfilms.co.uk,0,1,0,0,5,0,0.1,0,2,0,0,0,598,2010,0,0,0
http://wefightcovid.se,1,0,0,0,6,0,0.1,0,1,0,0,0,200,2020,0,0,0
http://whereiscovid.info,0,0,0,0,6,0,0.09090909090909093,0,1,0,0,1,403,2020,0,0,0
http://www.4mysecure-facebookcovid19petition.cf,0,0,1,1,11,0,0.04444444444444445,1,2,0,0,0,503,1996,0,0,0
http://www.brunoespanha.com,0,1,0,0,6,0,0.08,0,2,0,0,0,503,1985,0,0,0
http://www.cbsrealitychase.com,0,0,0,0,6,0,0.07142857142857142,0,2,0,0,0,503,1985,0,0,0
http://www.cherrydancefitness.co.uk,1,1,0,0,7,0,0.060606060606060615,0,3,0,0,0,200,2012,0,0,0
http://www.cine.com.uy,1,1,0,0,6,0,0.1,0,3,0,0,0,200,1990,0,0,0
http://www.covidvirus.guru,0,0,0,0,6,0,0.08333333333333333,0,2,0,0,0,503,2013,1,0,0
http://www.gov-ca-covid19.org,0,0,0,0,8,0,0.07407407407407407,1,2,0,0,0,503,2020,0,0,0
http://www.irs.org,0,1,0,0,4,0,0.125,0,2,0,0,1,503,1997,1,0,0
http://www.lamalug.org,0,1,0,0,5,0,0.1,0,2,0,0,0,403,2001,0,0,0
http://www.pescaturismocorona.it,0,0,0,0,7,0,0.06666666666666668,0,2,0,0,0,598,2018,0,0,0
http://www.promo-covid19-neftlix.ml,0,0,1,1,10,0,0.060606060606060615,1,2,0,0,0,503,1993,0,0,0
http://www.stpl.ca,1,1,0,0,5,0,0.125,0,2,0,0,0,200,1987,0,0,0
http://www.wfb-wa-identity-confirmation-now.agency,0,0,0,0,9,0,0.041666666666666664,1,2,0,0,0,503,2014,0,0,0
http://xetoancau.vn,1,1,0,0,7,0,0.1176470588235294,0,1,0,0,0,200,1994,1,0,0
http://xocovid19.com.br,1,0,0,0,7,0,0.09523809523809523,0,2,0,0,0,200,1989,0,0,0
http://zendesk-covid19.org,0,1,0,0,7,0,0.08333333333333333,1,1,0,0,1,503,1985,0,0,0
http://19covid-gouv12.com,0,0,0,0,8,0,0.08695652173913042,1,1,0,0,0,503,2020,0,0,1
http://3dforcovid.com,1,1,0,0,7,0,0.10526315789473684,0,1,0,0,1,200,2020,0,0,1
http://airbnb.id-covid19.com,0,0,0,0,9,0,0.07692307692307693,1,2,0,0,0,503,2020,0,0,1
http://amelenedez.com,0,0,0,0,6,0,0.10526315789473684,0,1,0,0,0,503,2020,0,0,1
http://amelzendez.com,0,0,0,0,5,0,0.10526315789473684,0,1,0,0,0,503,2020,0,0,1
http://americanascovidshop.com,0,0,0,0,7,0,0.07142857142857142,0,1,0,0,0,503,2020,0,0,1
http://amqelendez.com,0,0,0,0,6,0,0.10526315789473684,0,1,0,0,0,503,2020,0,0,1
http://andreakristi.000webhostapp.com,0,0,0,0,8,0,0.057142857142857134,0,2,0,0,1,598,2016,1,0,0
http://ateaseoutfitters.com,0,1,0,0,5,0,0.08,0,1,0,0,0,598,2014,0,0,0
http://atlantabeatscovid.com,1,1,0,0,6,0,0.07692307692307693,0,1,0,0,1,200,2020,0,0,1
http://ayyappantat.com,0,0,0,0,6,0,0.1,0,1,0,0,1,503,2020,0,0,1
http://bantaycovid.com,0,1,0,0,6,0,0.1,0,1,0,0,1,503,2020,0,0,1
http://beccahorner.com,0,1,0,0,5,0,0.1,0,1,0,0,0,598,2011,0,0,0
http://bell-covid19.com,0,0,0,0,6,0,0.09523809523809523,1,1,0,0,0,503,2020,0,0,1
http://berita-covid-19-terkini-tasikmalaya.000webhostapp.com,0,0,0,0,17,0,0.03448275862068965,1,2,0,0,1,598,2016,1,0,0
http://bhleon.com-do.serfidelo.com,0,0,0,0,9,0,0.0625,1,3,0,0,0,598,2020,0,0,1
http://bizrak.com,0,1,0,0,4,0,0.13333333333333333,0,1,0,0,1,503,2016,0,0,0
http://bokepspecialcovid19.event-indo.com,0,0,0,0,10,0,0.05128205128205128,1,2,0,0,0,503,2020,0,0,1
http://bokepviral.19covidd.com,0,0,0,0,9,0,0.07142857142857142,0,2,0,0,1,503,2020,0,0,1
http://bp-formularios-covid19.azurewebsites.net,0,1,0,0,10,0,0.04444444444444445,1,2,0,0,0,503,2012,0,0,0
http://bravecovid.com,0,0,0,0,5,0,0.10526315789473684,0,1,0,0,0,503,2020,0,0,1
http://business-facebook-covid19.com,0,0,0,0,7,0,0.05882352941176471,1,1,0,0,0,503,2020,1,0,1
http://carrefourcovid.com,0,0,0,0,5,0,0.08695652173913042,0,1,0,0,0,503,2020,0,0,1
http://cdestudiantes.com,1,1,0,0,4,0,0.09090909090909093,0,1,0,0,0,200,2017,0,0,0
http://cecollc.com,0,1,0,0,5,0,0.125,0,1,0,0,0,598,2014,0,0,0
http://chasecovid19t.com,0,0,0,0,7,0,0.09090909090909093,0,1,0,0,0,503,2020,0,0,1
http://childcarecorona.com,0,1,0,0,4,0,0.08333333333333333,0,1,0,0,0,598,2019,1,0,0
http://chirurgiehmrcovid.com,0,0,0,0,8,0,0.07692307692307693,0,1,0,0,0,404,2020,0,0,1
http://cinenagari.com,0,1,0,0,5,0,0.10526315789473684,0,1,0,0,0,503,2020,0,0,1
http://cmattayers.com,0,1,0,0,5,0,0.10526315789473684,0,1,0,0,0,503,2010,0,0,0
http://computecovid.com,0,0,0,0,5,0,0.09523809523809523,0,1,0,0,0,503,2020,0,0,1
http://corona-live.net,0,0,0,0,4,0,0.1,1,1,0,0,1,503,2020,1,0,1
http://corona-masr2.com,0,0,0,0,6,0,0.09523809523809523,1,1,0,0,0,503,2020,0,0,1
http://corona-masr21.com,0,0,0,0,6,0,0.09090909090909093,1,1,0,0,0,503,2020,0,0,1
http://corona-masr3.com,0,0,0,0,6,0,0.09523809523809523,1,1,0,0,0,503,2020,0,0,1
http://corona-nearby.com,0,1,0,0,4,0,0.09090909090909093,1,1,0,0,1,503,2020,0,0,1
http://corona-virusus.com,0,0,0,0,5,0,0.08695652173913042,1,1,0,0,0,503,2020,0,0,1
http://corona19covid.000webhostapp.com,0,0,0,0,10,0,0.05555555555555555,0,2,0,0,1,598,2016,1,0,0
http://coronabye.com,0,0,0,0,4,0,0.1111111111111111,0,1,0,0,0,503,2020,0,0,1
http://coronadocruisers.com,0,1,0,0,4,0,0.08,0,1,0,0,0,598,2016,1,0,0
http://coronaflexx.000webhostapp.com,0,0,0,0,9,0,0.05882352941176471,0,2,0,0,1,598,2016,1,0,0
http://coronate-sounds.000webhostapp.com,0,0,0,0,9,0,0.05263157894736842,1,2,0,0,1,598,2016,1,0,0
http://coronavgame1.atwebpages.com,0,0,0,0,8,0,0.0625,0,2,0,0,0,403,2007,0,0,0
http://coronavgame2.atwebpages.com,0,0,0,0,8,0,0.0625,0,2,0,0,0,403,2007,0,0,0
http://coronavgame3.atwebpages.com,0,0,0,0,8,0,0.0625,0,2,0,0,0,403,2007,0,0,0
http://coronavirusbacktoreality.com,1,0,0,0,6,0,0.060606060606060615,0,1,0,0,0,200,2020,0,0,1
http://coronavirusfactory.com,0,0,0,0,4,0,0.07407407407407407,0,1,0,0,0,503,2020,0,0,1
http://coronavirusfeedback.com,0,0,0,0,4,0,0.07142857142857142,0,1,0,0,0,503,2020,0,0,1
http://coronavirusfinancial.net,1,0,0,0,4,0,0.06896551724137931,0,1,0,0,0,200,2020,0,0,1
http://coronavirushazard.com,0,0,0,0,4,0,0.07692307692307693,0,1,0,0,1,503,2020,0,0,1
http://coronavirusinasec.000webhostapp.com,0,0,0,0,9,0,0.05,0,2,0,0,1,503,2016,1,0,0
http://coronavirusnews.000webhostapp.com,0,0,0,0,8,0,0.05263157894736842,0,2,0,0,1,598,2016,1,0,0
http://coronavirusonooeir.huidps.com,0,0,0,0,8,0,0.05882352941176471,0,2,0,0,0,503,2020,0,0,1
http://coronavirusonooeir.luxciosoiop.com,1,0,0,0,11,0,0.05128205128205128,0,2,0,0,0,200,2019,1,0,0
http://coronavirussms.com,1,0,0,0,4,0,0.08695652173913042,0,1,0,0,1,200,2020,0,0,1
http://coronavirustrouble.com,0,0,0,0,4,0,0.07407407407407407,0,1,0,0,0,503,2020,0,0,1
http://coronawire.com,0,1,0,0,4,0,0.10526315789473684,0,1,0,0,0,598,2019,1,0,0
http://coronawires.com,0,0,0,0,4,0,0.1,0,1,0,0,0,598,2019,1,0,0
http://cottonbeatscovid.com,1,0,0,0,6,0,0.08,0,1,0,0,0,200,2020,0,0,1
http://courseaholic.com,0,1,0,0,6,0,0.09523809523809523,0,1,0,0,0,503,2007,0,0,0
http://covid-19.xxx-wa.com,0,0,0,0,7,0,0.08333333333333333,1,2,0,0,0,503,2020,0,0,1
http://covid-192.godaddysites.com,1,0,0,0,7,0,0.06451612903225806,1,2,0,0,1,200,2013,1,0,0
http://covid-19art.com,0,0,0,0,6,0,0.1,1,1,0,0,0,503,2020,0,0,1
http://covid19-credits.com,0,0,0,0,6,0,0.08333333333333333,1,1,0,0,0,503,2020,0,0,1
http://covid19-infor.net,0,0,0,0,7,0,0.09090909090909093,1,1,0,0,0,503,2020,0,0,1
http://covid19-seguranca.autosmsbb.com,0,0,0,0,10,0,0.05555555555555555,1,2,0,0,0,503,2020,0,0,1
http://covid19-survei.000webhostapp.com,0,0,0,0,12,0,0.054054054054054064,1,2,0,0,1,503,2016,1,0,0
http://covid19.id-airbnb.com,0,0,0,0,9,0,0.07692307692307693,1,2,0,0,0,503,2020,0,0,1
http://covid19healthcare.000webhostapp.com,0,0,0,0,10,0,0.05,0,2,0,0,1,503,2016,1,0,0
http://covid19partnership.000webhostapp.com,0,0,0,0,10,0,0.04878048780487805,0,2,0,0,1,410,2016,1,0,0
http://covid19peticija.000webhostapp.com,0,0,0,0,12,0,0.05263157894736842,0,2,0,0,1,598,2016,1,0,0
http://covid19retailpulselive.com,0,0,0,0,8,0,0.06451612903225806,0,1,0,0,1,503,2020,0,0,1
http://covid19voip.com,0,0,0,0,6,0,0.1,0,1,0,0,0,503,2020,0,0,1
http://covidreamz.com,0,0,0,0,6,0,0.10526315789473684,0,1,0,0,0,503,2020,0,0,1
http://covidsome.com,0,0,0,0,5,0,0.1111111111111111,0,1,0,0,0,503,2020,0,0,1
http://cracovidfunds.com,0,0,0,0,6,0,0.09090909090909093,0,1,0,0,1,503,2020,0,0,1
http://craemrcovid19.com,0,0,0,0,7,0,0.09090909090909093,0,1,0,0,0,503,2020,0,0,1
http://crookedcovid.com,1,0,0,0,5,0,0.09523809523809523,0,1,0,0,0,200,2020,1,0,1
http://crushcovid.net,1,0,0,0,5,0,0.10526315789473684,0,1,0,0,0,200,2020,0,0,1
http://curbsidecovid.com,0,0,0,0,6,0,0.09090909090909093,0,1,0,0,0,503,2020,1,0,1
http://dailycorona.bitbyteplay.com,0,0,0,0,7,0,0.0625,0,2,0,0,0,503,2019,0,0,0
http://daneili-corus.com,0,0,0,0,5,0,0.09090909090909093,1,1,0,0,0,503,2020,0,0,1
http://dati-covid19-psd2.000webhostapp.com,0,0,0,0,13,0,0.05,1,2,1,0,1,598,2016,1,0,0
http://dentalleadgroup.com,0,1,0,0,5,0,0.08333333333333333,0,1,0,0,0,451,2017,0,0,0
http://descovid-19.com,0,0,0,0,5,0,0.1,1,1,0,0,0,503,2020,0,0,1
http://dtipgifts.com,0,0,0,0,5,0,0.1111111111111111,0,1,0,0,0,503,2016,0,0,0
http://ecolenefiber.com,1,1,0,0,5,0,0.09523809523809523,0,1,0,0,0,200,2007,0,0,0
http://edigishoppee.com,0,0,0,0,7,0,0.09523809523809523,0,1,0,0,0,503,2019,0,0,0
http://eecovid19-support150.hyundaigiadinhsaigon.com,0,0,0,0,11,0,0.04,1,2,0,0,0,598,2019,1,0,0
http://envisioncm.com,0,1,0,0,4,0,0.10526315789473684,0,1,0,0,0,503,2018,0,0,0
http://financingcovid.com,1,1,0,0,5,0,0.08695652173913042,0,1,0,0,0,200,2020,0,0,1
http://firealarmcemen.com,0,1,0,0,6,0,0.08695652173913042,0,1,0,0,0,598,2016,0,0,0
http://fmcg-patterns.com,0,0,0,0,5,0,0.09090909090909093,1,1,0,0,0,598,2012,0,0,0
http://forgecovid.com,1,0,0,0,5,0,0.10526315789473684,0,1,0,0,0,200,2020,0,0,1
http://frateemedia.com,1,1,0,0,5,0,0.1,0,1,0,0,0,200,2014,0,0,0
http://fushet.com,0,0,0,0,5,0,0.13333333333333333,0,1,0,0,0,503,2019,0,0,0
http://gcoronag.000webhostapp.com,0,0,0,0,9,0,0.06451612903225806,0,2,0,0,1,598,2016,1,0,0
http://gelaallc.com,0,1,0,0,5,0,0.1176470588235294,0,1,0,0,0,503,2017,0,0,0
http://goovcovid19.com,0,0,0,0,6,0,0.1,0,1,0,0,0,503,2020,0,0,1
http://gouvcanada-covid19.com,0,0,0,0,8,0,0.07407407407407407,1,1,0,0,0,503,2020,0,0,1
http://hansonbalirunoug.com,1,0,0,0,7,0,0.08,0,1,0,0,1,200,2018,0,0,0
http://helptoavoidcoronaa.000webhostapp.com,0,0,0,0,11,0,0.04878048780487805,0,2,0,0,1,598,2016,1,0,0
http://highbrowclothing.com,0,0,0,0,4,0,0.08,0,1,0,0,0,598,2020,0,0,1
http://id-covid19.com,0,0,0,0,6,0,0.10526315789473684,1,1,0,0,0,503,2020,0,0,1
http://informecovid.com,1,0,0,0,6,0,0.09523809523809523,0,1,0,0,0,200,2020,0,0,1
http://intellicovid.com,0,0,0,0,6,0,0.09523809523809523,0,1,0,0,0,503,2020,1,0,1
http://intercovid.com,1,0,0,0,5,0,0.10526315789473684,0,1,0,0,0,200,2020,1,0,1
http://iowacovid.com,0,0,0,0,5,0,0.1111111111111111,0,1,0,0,0,403,2020,0,0,1
http://irs-gov.uc.r.appspot.com,0,0,0,0,8,0,0.06896551724137931,1,4,0,0,0,598,2005,1,0,0
http://ita-covid19.com,0,0,0,0,7,0,0.1,1,1,0,0,0,503,2020,0,0,1
http://ithinkihavecovid.com,1,0,0,0,8,0,0.08,0,1,0,0,0,200,2020,0,0,1
http://jacarandascovid.com,1,0,0,0,9,0,0.08333333333333333,0,1,0,0,0,200,2020,0,0,1
http://jararandascovid.com,0,0,0,0,6,0,0.08333333333333333,0,1,0,0,0,404,2020,0,0,1
http://jasminettv.com,0,1,0,0,5,0,0.10526315789473684,0,1,0,0,0,503,2017,0,0,0
http://keolis-covid.com,0,0,0,0,6,0,0.09523809523809523,1,1,0,0,0,503,2020,0,0,1
http://kiwiyazilim.com,1,1,0,0,6,0,0.1,0,1,0,0,1,200,2019,1,0,0
http://kylebeard.com,1,1,0,0,4,0,0.1111111111111111,0,1,0,0,1,200,2012,0,0,0
http://lanzarotecovid.com,1,0,0,0,5,0,0.08695652173913042,0,1,0,0,0,200,2020,1,0,1
http://laylaraephoto.com,0,0,0,0,5,0,0.09090909090909093,0,1,0,0,0,500,2014,0,0,0
http://lifelinen.com,0,1,0,0,4,0,0.1111111111111111,0,1,0,0,1,401,2019,0,0,0
http://magalu-combate-ao-corona.com,0,0,0,0,8,0,0.060606060606060615,1,1,0,0,0,503,2020,0,0,1
http://mail.covid-19.xxx-wa.com,0,1,0,0,8,0,0.06896551724137931,1,3,0,0,0,503,2020,0,0,1
http://manchoujouser.com,0,0,0,0,6,0,0.09090909090909093,0,1,0,0,0,503,2020,0,0,1
http://mapacovid.com,0,0,0,0,5,0,0.1111111111111111,0,1,0,0,0,503,2020,0,0,1
http://mascarillasparacovid.com,0,0,0,0,8,0,0.06896551724137931,0,1,0,0,0,404,2020,0,0,1
http://masry-corona51.com,0,0,0,0,6,0,0.08695652173913042,1,1,0,0,0,503,2020,0,0,1
http://mastermovesltd.com,0,0,0,0,5,0,0.08695652173913042,0,1,0,0,0,599,2018,0,0,0
http://mcovid.com,0,0,0,0,4,0,0.13333333333333333,0,1,0,0,1,503,2020,0,0,1
http://mediterraneosantamarinella.com,1,1,0,0,8,0,0.057142857142857134,0,1,0,0,0,200,2019,1,0,0
http://mlskitchensmanchester.com,0,0,0,0,5,0,0.06666666666666668,0,1,0,0,0,599,2019,0,0,0
http://mortgageks.com,0,1,0,0,4,0,0.10526315789473684,0,1,0,0,1,598,2018,0,0,0
http://mygpstrip.net,0,0,0,0,5,0,0.1111111111111111,0,1,0,0,1,503,2018,0,0,0
http://nellyreifler.com,0,1,0,0,6,0,0.09523809523809523,0,1,0,0,0,503,2013,0,0,0
http://nepalcoronavirus2.000webhostapp.com,0,0,0,0,9,0,0.05,0,2,1,0,1,598,2016,1,0,0
http://netflix-covid-19.com,0,0,0,0,6,0,0.08,1,1,0,0,0,503,2020,0,0,1
http://newcovid19unread.z13.web.core.windows.net,0,0,0,0,12,0,0.043478260869565216,0,5,0,0,1,503,1995,0,0,0
http://news.att-covid19.com,0,0,0,0,8,0,0.08,1,2,0,0,0,503,2020,0,0,1
http://nimbleurbia53.com,0,0,0,0,6,0,0.09090909090909093,0,1,0,0,0,599,2020,0,0,1
http://oceansapparel.com,0,1,0,0,4,0,0.09090909090909093,0,1,0,0,0,598,2002,0,0,0
http://onlnne.com,0,0,0,0,5,0,0.13333333333333333,0,1,0,0,0,503,2020,0,0,1
http://pastcovid.com,0,0,0,0,5,0,0.1111111111111111,0,1,0,0,0,404,2020,0,0,1
http://peduli-corona.wikaba.com,0,0,0,0,7,0,0.06896551724137931,1,2,0,0,1,598,2000,1,0,0
http://piocppocodso.blob.core.windows.net,0,0,0,0,9,0,0.05128205128205128,0,4,0,0,1,503,1995,0,0,0
http://plantingvelve.com,0,0,0,0,5,0,0.09090909090909093,0,1,0,0,0,503,2020,0,0,1
http://playdomain53.com,0,0,0,0,5,0,0.09523809523809523,0,1,0,0,0,598,2020,0,0,1
http://pledge-againstt-corona.000webhostapp.com,0,0,0,0,10,0,0.04444444444444445,1,2,0,0,1,598,2016,1,0,0
http://politicovid.com,1,0,0,0,4,0,0.1,0,1,0,0,0,200,2020,0,0,1
http://portal.auone.jp-verifykey.covid-191.com,0,0,0,0,11,0,0.045454545454545456,1,4,0,0,0,503,2020,0,0,1
http://previnasedocoronavirus.com,0,0,0,0,6,0,0.06451612903225806,0,1,0,0,0,503,2020,0,0,1
http://pulsagratiscorona.000webhostapp.com,0,0,0,0,11,0,0.05,0,2,0,0,1,598,2016,1,0,0
http://register-participatecoronafreecoins300.mrbonus.com,0,0,0,0,10,0,0.03636363636363636,1,2,0,0,1,598,2000,1,0,0
http://register-toparticipateviruscoronafree300coin.mrbonus.com,0,0,0,0,12,0,0.032786885245901634,1,2,0,0,1,598,2000,1,0,0
http://remittancefiles.com,0,0,0,0,4,0,0.08333333333333333,0,1,0,0,0,503,1985,0,0,0
http://rogers-covid19.com,0,0,0,0,6,0,0.08695652173913042,1,1,0,0,0,503,2020,0,0,1
http://sajayagroup.com,0,1,0,0,6,0,0.1,0,1,0,0,0,500,2011,0,0,0
http://seeannsave.com,1,1,0,0,5,0,0.10526315789473684,0,1,0,0,0,200,2012,0,0,0
http://sicurezza-covid19.com,0,0,0,0,9,0,0.07692307692307693,1,1,0,0,0,503,2020,0,0,1
http://simplyoneden.com,1,1,0,0,5,0,0.09523809523809523,0,1,0,0,1,200,2017,0,0,0
http://simplysororitypackets.com,0,0,0,0,5,0,0.06666666666666668,0,1,0,0,0,598,2019,0,0,0
http://skcovid.com,0,0,0,0,4,0,0.125,0,1,0,0,0,503,2020,0,0,1
http://spokanecovid.com,1,0,0,0,5,0,0.09523809523809523,0,1,0,0,0,200,2020,1,0,1
http://storage.googleapis.com,0,1,0,0,5,0,0.07407407407407407,0,2,0,0,1,598,2005,1,0,0
http://storiesofcovid.com,1,0,0,0,6,0,0.08695652173913042,0,1,0,0,1,200,2020,0,0,1
http://summergirlfilms.com,0,0,0,0,5,0,0.08333333333333333,0,1,0,0,0,503,2014,0,0,0
http://supperbelle.com,0,0,0,0,4,0,0.1,0,1,0,0,0,598,2013,0,0,0
http://t-ubersa.com,0,0,0,0,6,0,0.1176470588235294,1,1,0,0,0,503,2020,0,0,1
http://taikisushi.com,0,1,0,0,5,0,0.10526315789473684,0,1,0,0,0,503,2019,0,0,0
http://testkitcovid.net,1,0,0,0,6,0,0.09523809523809523,0,1,0,0,0,200,2020,0,0,1
http://thusdaycoronaupdae.blob.core.windows.net,0,0,0,0,10,0,0.04444444444444445,0,4,0,0,1,503,1995,0,0,0
http://thxcovid.com,0,0,0,0,5,0,0.1176470588235294,0,1,0,0,0,503,2020,0,0,1
http://todosjuntoscontraocovid.com,0,0,0,0,9,0,0.0625,0,1,0,0,0,503,2020,0,0,1
http://trackcoronavirus.com,0,1,0,0,4,0,0.08,0,1,0,0,0,503,2020,0,0,1
http://trustedproductreview.com,1,1,0,0,5,0,0.06896551724137931,0,1,0,0,0,200,2017,0,0,0
http://twcindia.com,1,1,0,0,5,0,0.1176470588235294,0,1,0,0,1,200,2020,0,0,1
http://tzetta.com,0,1,0,0,4,0,0.13333333333333333,0,1,0,0,0,999,2012,0,0,0
http://uberpromocovid19.000webhostapp.com,0,0,0,0,11,0,0.05128205128205128,0,2,1,0,1,598,2016,1,0,0
http://uk-covid-19-relieve.com,0,0,0,0,7,0,0.07142857142857142,1,1,0,0,0,503,2020,0,0,1
http://us-coronavirus-cases-state-by-state.afyfr.com,0,0,0,0,11,0,0.04,1,2,0,0,1,503,2019,0,0,0
http://usavscovid.com,0,0,0,0,6,0,0.10526315789473684,0,1,0,0,0,503,2020,0,0,1
http://vamosacabcomocorona.com,0,0,0,0,8,0,0.07142857142857142,0,1,0,0,0,503,2020,0,0,1
http://vamoscombaterocoronanaosaiadecasa.com,0,0,0,0,14,0,0.047619047619047616,0,1,0,0,0,503,2020,0,0,1
http://vergognacovid.com,1,0,0,0,6,0,0.09090909090909093,0,1,0,0,0,200,2020,0,0,1
http://virusscoronas.000webhostapp.com,0,0,0,0,9,0,0.05555555555555555,0,2,0,0,1,503,2016,1,0,0
http://vivadiagcovid.com,1,0,0,0,6,0,0.09090909090909093,0,1,0,0,0,200,2020,0,0,1
http://volontaire-covid.com,1,0,0,0,8,0,0.08,1,1,0,0,0,200,2020,0,0,1
http://volontairescovid.com,1,0,0,0,8,0,0.08,0,1,0,0,0,200,2020,0,0,1
http://vvho-dropb0xcloud.selfip.com,0,0,0,0,12,0,0.060606060606060615,1,2,0,0,0,503,2005,0,0,0
http://wearecovid.com,1,0,0,0,6,0,0.10526315789473684,0,1,0,0,0,200,2020,0,0,1
http://welcometocoronado.com,1,1,0,0,5,0,0.07692307692307693,0,1,0,0,1,200,2002,0,0,0
http://whatcoronavirus.com,0,0,0,0,4,0,0.08333333333333333,0,1,0,0,1,503,2020,1,0,1
http://wintexgroup-cn.com,0,0,0,0,6,0,0.08695652173913042,1,1,0,0,0,598,2019,0,0,0
http://www.airbnb.id-covid19.com,0,0,0,0,10,0,0.06666666666666668,1,3,0,0,0,503,2020,0,0,1
http://www.americanascovidshop.com,0,0,0,0,8,0,0.0625,0,2,0,0,0,503,2020,0,0,1
http://www.brightparcel.com,0,1,0,0,5,0,0.08,0,2,0,0,0,503,2013,0,0,0
http://www.coronavirusonooeir.huidps.com,0,0,0,0,9,0,0.05263157894736842,0,3,0,0,0,503,2020,0,0,1
http://www.covid-19challengecoin.com,1,0,0,0,8,0,0.05882352941176471,1,2,0,0,0,200,2020,0,0,1
http://www.dailycorona.bitbyteplay.com,0,0,0,0,8,0,0.05555555555555555,0,3,0,0,0,503,2019,0,0,0
http://www.eater.com,1,1,0,0,4,0,0.1111111111111111,0,2,0,0,1,200,2000,1,0,0
http://www.iacovides.com,0,1,0,0,6,0,0.09090909090909093,0,2,0,0,0,598,2000,0,0,0
http://www.im4free.com,0,0,0,0,6,0,0.1,0,2,0,0,1,403,2015,1,0,0
http://www.irshelpcovid19.com,0,0,0,0,8,0,0.07407407407407407,0,2,0,0,0,503,2020,0,0,1
http://www.ita-covid19.com,0,0,0,0,8,0,0.08333333333333333,1,2,0,0,0,503,2020,0,0,1
http://www.itaucovid19.com,0,0,0,0,8,0,0.08333333333333333,0,2,0,0,0,404,2020,0,0,1
http://www.koharrhealth.com,0,1,0,0,6,0,0.08,0,2,0,0,1,403,2015,0,0,0
http://www.lovecelebrities.com,0,1,0,0,5,0,0.07142857142857142,0,2,0,0,0,598,2015,0,0,0
http://www.mediterraneosantamarinella.com,1,1,0,0,9,0,0.05128205128205128,0,2,0,0,0,200,2019,1,0,0
http://www.n95mask-covid19.com,0,0,0,0,9,0,0.07142857142857142,1,2,0,0,1,503,2020,0,0,1
http://www.nellyreifler.com,0,1,0,0,7,0,0.08,0,2,0,0,0,503,2013,0,0,0
http://www.netflix-covid-19.com,0,0,0,0,7,0,0.06896551724137931,1,2,0,0,0,503,2020,0,0,1
http://www.peduli-corona.wikaba.com,0,0,0,0,8,0,0.060606060606060615,1,3,0,0,1,598,2000,1,0,0
http://www.plantingvelve.com,0,0,0,0,6,0,0.07692307692307693,0,2,0,0,0,503,2020,0,0,1
http://www.register-participatecoronafreecoins300.mrbonus.com,0,0,0,0,11,0,0.03389830508474576,1,3,0,0,1,598,2000,1,0,0
http://www.reguster-forparticipateinthecorona-freecoin300.mrbonus.com,0,0,0,0,15,0,0.02985074626865672,1,3,0,0,1,598,2000,1,0,0
http://www.rogers-covid19.com,0,0,0,0,7,0,0.07407407407407407,1,2,0,0,0,503,2020,0,0,1
http://www.tzetta.com,0,1,0,0,5,0,0.10526315789473684,0,2,0,0,0,999,2012,0,0,0
http://www.wailmegensa.com,0,0,0,0,7,0,0.08333333333333333,0,2,0,0,0,503,2020,0,0,1
http://www.welcometocoronado.com,1,1,0,0,6,0,0.06666666666666668,0,2,0,0,1,200,2002,0,0,0
http://www4-irs-gov.uc.r.appspot.com,0,0,0,0,10,0,0.05882352941176471,1,4,0,0,0,598,2005,1,0,0
actualisatie.updateics-covid19.noez.me,0,0,0,0,11,0,0.05555555555555555,1,3,0,0,0,500,2005,0,0,0
airbnb.id-covid19.com,0,0,0,0,8,0,0.10526315789473684,1,2,0,0,0,500,2005,0,0,1
amazon.co.jp.initiativescompany-news-covid19-20200316token4787f6f3e205921236.buzz,0,0,0,0,19,0,0.02531645569620253,1,4,1,0,0,500,2005,0,0,0
americanascovidshop.com,0,0,0,0,6,0,0.09523809523809523,0,1,0,0,0,500,2005,0,0,1
antiviruscompares2020.com,0,0,0,0,4,0,0.08695652173913043,0,1,0,14,0,500,2005,0,0,1
antivirushelps.com,0,0,0,0,3,0,0.125,0,1,0,9,0,598,2005,1,0,0
apple.covid19solidario.es,0,0,0,0,8,0,0.08695652173913043,0,2,0,15,0,500,2005,0,0,0
aruba-covid19.u720493s8q.ha004.t.justns.ru,0,0,0,0,15,0,0.05,1,5,1,0,530989,500,2005,0,0,0
atualizacaocaixacovid-19.com,0,0,0,0,10,0,0.07692307692307693,1,1,0,13,0,500,2005,0,0,1
bell-covid19.com,0,0,0,0,5,0,0.14285714285714285,1,1,0,0,0,500,2005,0,0,1
berita-covid-19-terkini-tasikmalaya.000webhostapp.com,0,0,0,0,16,0,0.0392156862745098,1,2,0,0,4243,410,2005,1,0,0
bokepspecialcovid19.event-indo.com,0,0,0,0,9,0,0.0625,1,2,0,0,0,500,2005,0,0,1
bokepviral.19covidd.com,0,0,0,0,8,0,0.09523809523809523,0,2,0,0,3921858,500,2005,0,0,1
bp-formularios-covid19.azurewebsites.net,0,0,0,0,9,0,0.05263157894736842,1,2,0,0,0,500,2005,0,0,0
c0vidatbsoul.com,0,0,0,0,6,1,0.14285714285714285,0,1,0,6,0,500,2005,0,0,0
c0vidrbcsoul.com,0,0,0,0,6,1,0.14285714285714285,0,1,0,6,0,500,2005,0,0,0
carrefourcovid.com,0,0,0,0,4,0,0.125,0,1,0,0,0,500,2005,0,0,1
cerb-c0vid19-registrati0n.com,0,1,0,0,12,1,0.07407407407407407,1,1,0,15,0,500,2005,0,0,1
chase-covid19s.com,0,0,0,0,6,0,0.125,1,1,0,0,0,500,2005,0,0,0
chase7-covid.com,0,0,0,0,5,0,0.14285714285714285,1,1,0,0,0,500,2005,0,0,0
chasecovid19s.com,0,0,0,0,6,0,0.13333333333333333,0,1,0,0,0,500,2005,0,0,0
chasecovid19t.com,0,0,0,0,6,0,0.13333333333333333,0,1,0,0,0,500,2005,0,0,1
chasecovid19v.com,0,0,0,0,6,0,0.13333333333333333,0,1,0,0,0,500,2005,0,0,0
chat-whatsapps.19covidd.com,0,0,0,0,9,0,0.08,1,2,0,13,3921858,500,2005,0,0,1
click.cocovid.co,0,0,0,0,4,0,0.14285714285714285,0,2,0,0,0,500,2005,0,0,1
cocovid.co,0,0,0,0,3,0,0.25,0,1,0,0,0,500,2005,0,0,1
computervirusrelief.com,0,0,0,0,4,0,0.09523809523809523,0,1,0,11,0,500,2005,0,0,0
corona-virusus.com,0,0,0,0,4,0,0.125,1,1,0,0,0,500,2005,0,0,1
corona19covid.000webhostapp.com,0,0,0,0,9,0,0.06896551724137931,0,2,0,0,4243,410,2005,1,0,0
coronavirusfactory.com,0,0,0,0,3,0,0.1,0,1,0,0,0,500,2005,0,0,1
coronavirusfeedback.com,0,0,0,0,3,0,0.09523809523809523,0,1,0,0,0,500,2005,0,0,1
coronavirushazard.com,0,0,0,0,3,0,0.10526315789473684,0,1,0,0,8199352,598,2005,0,0,1
coronavirusinasec.000webhostapp.com,0,0,0,0,8,0,0.06060606060606061,0,2,0,0,4243,410,2005,1,0,0
coronavirusnews.000webhostapp.com,0,0,0,0,7,0,0.06451612903225806,0,2,0,0,4243,410,2005,1,0,0
coronavirusonooeir.huidps.com,0,0,0,0,7,0,0.07407407407407407,0,2,0,0,0,500,2005,0,0,1
coronavirusonooeir.luxciosoiop.com,0,0,0,0,10,0,0.0625,0,2,0,0,0,500,2005,1,0,0
coronavirustrouble.com,0,0,0,0,3,0,0.1,0,1,0,0,0,500,2005,0,0,1
corotnavirusonline.huidps.com,0,0,0,0,7,0,0.07407407407407407,0,2,0,6,0,500,2005,0,0,1
covid--19-shop.rf.gd,0,0,0,0,6,0,0.1111111111111111,1,2,0,0,16222,598,2005,1,0,0
covid-19.bdtime.news,0,0,0,0,6,0,0.1111111111111111,1,2,0,0,0,500,2005,0,0,0
covid-19.xxx-wa.com,0,0,0,0,6,0,0.11764705882352941,1,2,0,0,0,500,2005,0,0,1
covid-192.godaddysites.com,0,0,0,0,6,0,0.08333333333333333,1,2,0,0,14216,500,2005,1,0,0
covid-19rc.com,0,0,0,0,5,0,0.16666666666666666,1,1,0,0,0,500,2005,0,0,0
covid.seguranca-bb.info,0,0,0,0,6,0,0.09523809523809523,1,2,0,0,0,598,2005,0,0,1
covid19---shop.rf.gd,0,0,0,0,6,0,0.1111111111111111,1,2,0,0,16222,598,2005,1,0,0
covid19-credits.com,0,0,0,0,5,0,0.11764705882352941,1,1,0,0,0,500,2005,0,0,1
covid19-infor.net,0,0,0,0,6,0,0.13333333333333333,1,1,0,0,0,500,2005,0,0,1
covid19-seguranca.autosmsbb.com,0,0,0,0,9,0,0.06896551724137931,1,2,0,0,0,500,2005,0,0,1
covid19-support.aquintaessencia.com.br,0,0,0,0,10,0,0.05555555555555555,1,3,0,21,0,500,2005,1,0,0
covid19-survei.000webhostapp.com,0,0,0,0,11,0,0.06666666666666667,1,2,0,0,4243,410,2005,1,0,0
covid19-vat.rf.gd,0,0,0,0,6,0,0.13333333333333333,1,2,0,0,16222,598,2005,1,0,0
covid19.id-airbnb.com,0,0,0,0,8,0,0.10526315789473684,1,2,0,0,0,500,2005,0,0,1
covid19.seguranca-bb.info,0,0,0,0,7,0,0.08695652173913043,1,2,0,0,0,598,2005,0,0,1
covid19evdekalaidatinial.com,0,0,0,0,10,0,0.07692307692307693,0,1,0,0,0,500,2005,0,0,0
covid19lssuedbill.com,0,0,0,0,7,0,0.10526315789473684,0,1,0,0,0,500,2005,0,0,0
covid19partnership.000webhostapp.com,0,0,0,0,9,0,0.058823529411764705,0,2,0,0,4243,410,2005,1,0,0
covid19peticija.000webhostapp.com,0,0,0,0,11,0,0.06451612903225806,0,2,0,0,4243,410,2005,1,0,0
covid19voip.com,0,0,0,0,5,0,0.15384615384615385,0,1,0,0,0,500,2005,0,0,1
covid2019colpatria.com.co,0,0,0,0,7,0,0.08695652173913043,0,2,0,0,0,500,2005,0,0,1
covidcro.tk,0,0,1,1,4,0,0.2222222222222222,0,1,0,0,0,500,2005,0,0,0
covidi9.gq,0,0,1,1,4,0,0.25,0,1,0,0,0,500,2005,0,0,0
covidluiza.000webhostapp.com,0,0,0,0,9,0,0.07692307692307693,0,2,0,8,4243,410,2005,1,0,0
covidmask.xyz,0,0,0,0,4,0,0.18181818181818182,0,1,0,7,0,500,2005,0,0,1
covidreamz.com,0,0,0,0,5,0,0.16666666666666666,0,1,0,0,0,598,2005,0,0,1
covidsome.com,0,0,0,0,4,0,0.18181818181818182,0,1,0,0,0,598,2005,0,0,1
covidstimulusreliefs.000webhostapp.com,0,0,0,0,9,0,0.05555555555555555,0,2,0,12,4243,410,2005,1,0,0
cracovidfunds.com,0,0,0,0,5,0,0.13333333333333333,0,1,0,0,8199360,500,2005,0,0,1
craemrcovid19.com,0,0,0,0,6,0,0.13333333333333333,0,1,0,0,0,500,2005,0,0,1
cronavirus199.com,0,0,0,0,6,0,0.13333333333333333,0,1,0,4,0,500,2005,0,0,1
dailypossitivehamervirus.club,0,0,0,0,8,0,0.07407407407407407,0,1,0,20,0,500,2005,0,0,1
dati-covid19-psd2.000webhostapp.com,0,0,0,0,12,0,0.06060606060606061,1,2,1,0,4243,410,2005,1,0,0
descovid-19.com,0,0,0,0,4,0,0.15384615384615385,1,1,0,0,0,500,2005,0,0,1
eecovid19-support150.hyundaigiadinhsaigon.com,0,0,0,0,10,0,0.046511627906976744,1,2,0,0,0,500,2005,1,0,0
efakty-koronawirus24.pl,0,0,0,0,8,0,0.09523809523809523,1,1,0,10,0,500,2005,0,0,1
eniyiantivirusprogrami.com,0,0,0,0,6,0,0.08333333333333333,0,1,0,14,151427,403,2005,0,0,0
eshop-covid19.rf.gd,0,0,0,0,7,0,0.11764705882352941,1,2,0,0,16222,598,2005,1,0,0
faq-coronavirus-financial-help.lsign.site,0,0,0,0,7,0,0.05128205128205128,1,2,0,0,0,500,2005,0,0,1
faq-coronavirus-financial-help.nsign.me,0,0,0,0,7,0,0.05405405405405406,1,2,0,0,0,500,2005,0,0,0
ghostvirus.000webhostapp.com,0,0,0,0,7,0,0.07692307692307693,0,2,0,8,4243,410,2005,1,0,0
goovcovid19.com,0,0,0,0,5,0,0.15384615384615385,0,1,0,0,0,500,2005,0,0,1
gouvcanada-covid19.com,0,0,0,0,7,0,0.1,1,1,0,0,0,500,2005,0,0,1
group.whatsapps.19covidd.com,0,0,0,0,9,0,0.07692307692307693,0,3,0,13,3921858,500,2005,0,0,1
grupbokep28.19covidd.com,0,0,0,0,10,0,0.09090909090909091,0,2,0,9,3921858,500,2005,0,0,1
grupwhatsapp.19covidd.com,0,0,0,0,10,0,0.08695652173913043,0,2,0,11,3921858,500,2005,0,0,1
ing.securecovid-19.noez.me,0,0,0,0,8,0,0.08333333333333333,1,3,0,0,0,500,2005,0,0,0
iremoscombaterocovid.ml,0,0,1,1,8,0,0.09523809523809523,0,1,0,0,0,500,2005,0,0,0
irs-gov-coronavirus-get.ue.r.appspot.com,0,0,0,0,9,0,0.05263157894736842,1,4,0,17,0,404,2005,1,0,0
irs-gov-covid19.phpnet.us,0,0,0,0,8,0,0.08695652173913043,1,2,0,13,318582,598,2005,0,0,0
ita-covid19.com,0,0,0,0,6,0,0.15384615384615385,1,1,0,0,0,500,2005,0,0,1
itacontracovid-19.ml,0,0,1,1,7,0,0.1111111111111111,1,1,0,0,0,500,2005,0,0,0
italy-covid19.u720553s9g.ha004.t.justns.ru,0,0,0,0,15,0,0.05,1,5,1,0,530989,500,2005,0,0,0
join-whatsapp-bokep62.covid99.gq,0,0,1,1,11,0,0.06666666666666667,1,2,0,0,0,500,2005,0,0,0
juntoscontracoronavirus.com,0,0,0,0,6,0,0.08,0,1,0,10,0,500,2005,0,0,1
lojasamericacombateaocovid-19.ml,0,0,1,1,10,0,0.06666666666666667,1,1,0,15,0,500,2005,0,0,0
magalu-combate-ao-corona.com,0,0,0,0,7,0,0.07692307692307693,1,1,0,0,0,598,2005,0,0,1
mail.covid-19.xxx-wa.com,0,0,0,0,7,0,0.09090909090909091,1,3,0,0,0,500,2005,0,0,1
masry-corona51.com,0,0,0,0,5,0,0.125,1,1,0,0,0,500,2005,0,0,1
mbhydro-covid19.com,0,0,0,0,6,0,0.11764705882352941,1,1,0,0,0,500,2005,0,0,0
mesdecombateaocovid-19.ml,0,0,1,1,8,0,0.08695652173913043,1,1,0,9,0,500,2005,0,0,0
microsoftvirusremovalfromsystem.in,0,0,0,0,6,0,0.0625,0,1,0,22,0,500,2005,0,0,0
nepalcoronavirus2.000webhostapp.com,0,0,0,0,8,0,0.06060606060606061,0,2,1,0,4243,410,2005,1,0,0
netflix-covid-19.com,0,0,0,0,5,0,0.1111111111111111,1,1,0,0,0,500,2005,0,0,1
netflixbrazilcovid.com,0,0,0,0,5,0,0.1,0,1,0,10,0,500,2005,0,0,1
newcovid19unread.z13.web.core.windows.net,0,0,0,0,11,0,0.05128205128205128,0,5,0,0,1413,500,2005,0,0,0
nr01petitieonline-covid19byfacebook.gq,0,0,1,1,11,0,0.05555555555555555,1,1,0,0,0,500,2005,0,0,0
oldschool.runescape-covid-19.info,0,0,0,0,7,0,0.06451612903225806,1,2,0,0,0,500,2005,0,0,1
portal.auone.jp-verifykey.covid-191.com,0,0,0,0,10,0,0.05405405405405406,1,4,0,0,0,500,2005,0,0,1
pre-covid.info,0,0,0,0,4,0,0.16666666666666666,1,1,0,0,0,500,2005,1,0,1
previnasedocoronavirus.com,0,0,0,0,5,0,0.08333333333333333,0,1,0,0,0,500,2005,0,0,1
register-toparticipateviruscoronafree300coin.mrbonus.com,0,0,0,0,11,0,0.037037037037037035,1,2,0,0,3686465,500,2005,1,0,0
rogers-covid19.com,0,0,0,0,5,0,0.125,1,1,0,0,0,500,2005,0,0,1
shop---covid19.rf.gd,0,0,0,0,6,0,0.1111111111111111,1,2,0,0,16222,598,2005,1,0,0
shop--covid-19.rf.gd,0,1,0,0,6,0,0.1111111111111111,1,2,0,0,16222,598,2005,1,0,0
shop--covid19.rf.gd,0,0,0,0,6,0,0.11764705882352941,1,2,0,0,16222,598,2005,1,0,0
shop-covid19-2021.rf.gd,0,0,0,0,7,0,0.09523809523809523,1,2,1,5,16222,598,2005,0,0,0
shop-covid19.rf.gd,0,0,0,0,6,0,0.125,1,2,0,0,16222,598,2005,1,0,0
shop-sars-covid19.rf.gd,0,0,0,0,7,0,0.09523809523809523,1,2,0,0,16222,598,2005,1,0,0
shopcovid-19.rf.gd,0,0,0,0,6,0,0.125,1,2,0,0,16222,598,2005,1,0,0
shops-covid-19.rf.gd,0,0,0,0,6,0,0.1111111111111111,1,2,0,0,16222,598,2005,1,0,0
shopscovid19.rf.gd,0,0,0,0,6,0,0.125,0,2,0,0,16222,598,2005,1,0,0
sicurezza-covid19.com,0,0,0,0,8,0,0.10526315789473684,1,1,0,0,0,500,2005,0,0,1
store1secure.covid19mascarillasymas.com,0,0,0,0,12,0,0.05405405405405406,0,2,0,24,0,500,2005,0,0,1
todasaslojascontraocovid-19american.ml,0,0,1,1,12,0,0.05555555555555555,1,1,0,17,0,500,2005,0,0,0
todoscontraocovid19.com,0,0,0,0,6,0,0.09523809523809523,0,1,0,0,0,500,2005,0,0,0
todosjuntoscontraocovid.com,0,0,0,0,8,0,0.08,0,1,0,0,0,500,2005,0,0,1
trenv.coronavideo3.tk,0,0,1,1,6,0,0.10526315789473684,0,2,0,0,0,500,2005,0,0,0
uberpromocovid19.000webhostapp.com,0,0,0,0,10,0,0.0625,0,2,1,0,4243,410,2005,1,0,0
us-coronavirus-cases-state-by-state.afyfr.com,0,0,0,0,10,0,0.046511627906976744,1,2,0,0,0,500,2005,0,0,0
vamosnoprevinirtododiadocovid.com,0,0,0,0,11,0,0.06451612903225806,0,1,0,18,0,500,2005,0,0,1
verizoncovid-12.com,0,0,0,0,5,0,0.11764705882352941,1,1,0,0,0,500,2005,0,0,0
virus-alert-w01e02.pw,0,0,0,1,7,0,0.10526315789473684,1,1,0,14,0,500,2005,0,0,0
virus-os-e37dn61.club,0,0,0,0,7,0,0.10526315789473684,1,1,0,13,0,500,2005,0,0,0
virusflourished23.azurewebsites.net,0,0,0,0,6,0,0.06060606060606061,0,2,0,18,0,500,2005,0,0,0
virusscoronas.000webhostapp.com,0,0,0,0,8,0,0.06896551724137931,0,2,0,0,4243,410,2005,1,0,0
viruswarningnandalert.in,0,0,0,0,6,0,0.09090909090909091,0,1,0,14,0,500,2005,0,0,0
vzwcovid19g-001-site1.1tempurl.com,0,0,0,0,13,0,0.0625,1,2,0,20,2858816,500,2005,0,0,0
vzwcovid19i-001-site1.1tempurl.com,0,0,0,0,13,0,0.0625,1,2,0,20,2858816,500,2005,0,0,0
webmail.accenter.answerivecovid19.com,1,0,0,0,9,0,0.05714285714285714,0,3,0,20,0,200,2005,0,0,1
www.4mysecure-facebookcovid19petition.cf,0,0,1,1,10,0,0.05263157894736842,1,2,0,4,0,500,1996,0,0,0
www.airbnb.id-covid19.com,0,0,0,0,9,0,0.08695652173913043,1,3,0,0,0,500,2020,0,0,1
www.americanascovidshop.com,0,0,0,0,7,0,0.08,0,2,0,0,0,500,2020,0,0,1
www.antiviruscompares2020.com,0,0,0,0,5,0,0.07407407407407407,0,2,0,14,0,500,2020,1,0,1
www.coronavirusonooeir.huidps.com,0,0,0,0,8,0,0.06451612903225806,0,3,0,0,0,500,2020,0,0,1
www.covid-19challengecoin.com,1,0,0,0,7,0,0.07407407407407407,1,2,0,4,0,200,2020,0,0,1
www.covidmask24.com,1,0,0,0,6,0,0.11764705882352941,0,2,0,5,0,200,2020,0,0,1
www.gov-ca-covid19.org,0,0,0,0,7,0,0.1,1,2,0,4,0,500,2020,0,0,1
www.irshelpcovid19.com,1,0,0,0,7,0,0.1,0,2,0,4,0,200,2020,0,0,1
www.ita-covid19.com,0,0,0,0,7,0,0.11764705882352941,1,2,0,0,0,500,2020,0,0,1
www.itaucovid19.com,0,0,0,0,7,0,0.11764705882352941,0,2,0,1,0,404,2020,0,0,1
www.n95mask-covid19.com,0,0,0,0,8,0,0.09523809523809523,1,2,0,4,0,500,2020,0,0,1
www.netflix-covid-19.com,0,0,0,0,6,0,0.09090909090909091,1,2,0,0,0,500,2020,0,0,1
www.netflixbrazilcovid.com,0,0,0,0,6,0,0.08333333333333333,0,2,0,10,0,500,2020,0,0,1
www.promo-covid19-neftlix.ml,0,0,1,1,9,0,0.07692307692307693,1,2,0,4,0,500,1993,0,0,0
www.rogers-covid19.com,0,0,0,0,6,0,0.1,1,2,0,0,0,500,2020,0,0,1
xn--jelpmedstoppespredningenavkoronavirus-4ed.weebly.com,0,0,0,0,17,0,0.037037037037037035,1,2,0,37,0,404,2020,1,0,0
zendesk-covid19.org,0,0,0,0,6,0,0.11764705882352941,1,1,0,0,0,500,2020,0,0,0
zonasegurabeta.viabcp-covid19.xyz,0,0,0,0,10,0,0.06451612903225806,1,2,0,3,0,500,2020,0,0,1
